{"cameraMode":{"drawMode":0,"name":"Shaded","section":"Shading Mode"},"sceneLighting":false,"audioPlay":false,"sceneViewState":{"showFog":true,"showMaterialUpdate":false,"showSkybox":true,"showFlares":true,"showImageEffects":true,"showParticleSystems":true},"in2DMode":false,"pivot":{"x":7.929999828338623,"y":7.819999694824219,"z":-34.16999816894531},"rotation":{"x":0.36716875433921816,"y":-0.3587706685066223,"z":0.15610210597515107,"w":0.8438618779182434},"size":1.4289424419403077,"orthographic":false}