{"cameraMode":{"drawMode":0,"name":"Shaded","section":"Shading Mode"},"sceneLighting":true,"audioPlay":false,"sceneViewState":{"showFog":true,"showMaterialUpdate":true,"showSkybox":true,"showFlares":true,"showImageEffects":true,"showParticleSystems":true},"in2DMode":false,"pivot":{"x":-5.630973815917969,"y":-25.85260772705078,"z":-39.087242126464847},"rotation":{"x":-0.0045123412273824219,"y":-0.9842575192451477,"z":0.17484737932682038,"w":-0.025400342419743539},"size":103.81633758544922,"orthographic":false}