{"cameraMode":{"drawMode":0,"name":"Shaded","section":"Shading Mode"},"sceneLighting":false,"audioPlay":false,"sceneViewState":{"showFog":true,"showMaterialUpdate":false,"showSkybox":true,"showFlares":true,"showImageEffects":true,"showParticleSystems":true},"in2DMode":false,"pivot":{"x":-13.707189559936524,"y":0.7139205932617188,"z":-10.451703071594239},"rotation":{"x":0.7092121839523315,"y":-0.004230530466884375,"z":0.004254835657775402,"w":0.704969584941864},"size":1103.8046875,"orthographic":false}