{"cameraMode":{"drawMode":0,"name":"Shaded","section":"Shading Mode"},"sceneLighting":true,"audioPlay":false,"sceneViewState":{"showFog":true,"showMaterialUpdate":true,"showSkybox":true,"showFlares":true,"showImageEffects":true,"showParticleSystems":true},"in2DMode":false,"pivot":{"x":24.416404724121095,"y":-60.1414909362793,"z":-58.3778076171875},"rotation":{"x":-0.4136776924133301,"y":0.33336547017097475,"z":-0.16599726676940919,"w":-0.8307726383209229},"size":122.68125915527344,"orthographic":false}