{"cameraMode":{"drawMode":0,"name":"Shaded","section":"Shading Mode"},"sceneLighting":true,"audioPlay":false,"sceneViewState":{"showFog":true,"showMaterialUpdate":true,"showSkybox":true,"showFlares":true,"showImageEffects":true,"showParticleSystems":true},"in2DMode":false,"pivot":{"x":61.466278076171878,"y":22.397523880004884,"z":124.46499633789063},"rotation":{"x":0.026971066370606424,"y":0.9246566891670227,"z":-0.06669235229492188,"w":0.37394487857818606},"size":22.064424514770509,"orthographic":false}