{"cameraMode":{"drawMode":0,"name":"Shaded","section":"Shading Mode"},"sceneLighting":true,"audioPlay":false,"sceneViewState":{"showFog":true,"showMaterialUpdate":true,"showSkybox":true,"showFlares":true,"showImageEffects":true,"showParticleSystems":true},"in2DMode":false,"pivot":{"x":13.17735481262207,"y":6.895463466644287,"z":10.335235595703125},"rotation":{"x":0.0014960493426769972,"y":-0.0728338435292244,"z":-0.00010924634261755273,"w":-0.9973430037498474},"size":90.8684310913086,"orthographic":false}